<application>
  <component name="DimensionService">
    <size key="GridCell.Tab.0.left.0.0.1920.1080@144dpi" width="1823" height="309" />
    <size key="GridCell.Tab.0.center.0.0.1920.1080@144dpi" width="1823" height="309" />
    <size key="GridCell.Tab.0.right.0.0.1920.1080@144dpi" width="1823" height="309" />
    <size key="GridCell.Tab.0.bottom.0.0.1920.1080@144dpi" width="1823" height="309" />
    <size key="GridCell.Tab.1.left.0.0.1920.1080@144dpi" width="1823" height="504" />
    <size key="GridCell.Tab.1.center.0.0.1920.1080@144dpi" width="1823" height="504" />
    <size key="GridCell.Tab.1.right.0.0.1920.1080@144dpi" width="1823" height="504" />
    <size key="GridCell.Tab.1.bottom.0.0.1920.1080@144dpi" width="1823" height="504" />
  </component>
  <component name="WindowManager">
    <frame x="114" y="81" width="1890" height="960" />
  </component>
  <component name="WindowStateApplicationService">
    <state x="421" y="82" key="FileChooserDialogImpl" timestamp="1740085554469">
      <screen x="0" y="0" width="1280" height="680" />
    </state>
    <state x="421" y="82" key="FileChooserDialogImpl/0.0.1280.680" timestamp="1740085554469" />
    <state width="619" height="111" key="ShowUsagesActions.dimensionServiceKey" timestamp="1740281812121">
      <screen x="0" y="0" width="1280" height="680" />
    </state>
    <state width="619" height="111" key="ShowUsagesActions.dimensionServiceKey/0.0.1280.680" timestamp="1740281812121" />
    <state x="640" y="335" width="800" height="650" key="WELCOME_SCREEN" timestamp="1740408563088">
      <screen x="0" y="0" width="1280" height="680" />
    </state>
    <state x="640" y="335" width="800" height="650" key="WELCOME_SCREEN/0.0.1280.680" timestamp="1740408563088" />
  </component>
</application>